<?xml version='1.0' encoding='UTF-8'?>
<!DOCTYPE hibernate-configuration PUBLIC
          "-//Hibernate/Hibernate Configuration DTD 3.0//EN"
          "http://www.hibernate.org/dtd/hibernate-configuration-3.0.dtd">
<!-- Generated by MyEclipse Hibernate Tools.                   -->
<hibernate-configuration>

<session-factory>
	<property name="myeclipse.connection.profile">mysql</property>
	<property name="dialect">
		org.hibernate.dialect.MySQLDialect
	</property>
	<property name="connection.password">092248</property>
	<property name="connection.username">root</property>
	<property name="connection.url">
		jdbc:mysql://localhost:3306/java
	</property>
	<property name="connection.driver_class">
		com.mysql.jdbc.Driver
	</property>

	<property name="show_sql">true</property>
	<!-- format_sql: 打印sql语句前,会将sql语句先格式化  -->
	<property name="format_sql">true</property>
	<!-- hbm2ddl.auto: 生成表结构的策略配置
		update(最常用的取值): 如果当前数据库中不存在表结构,那么自动创建表结构. 
		如果存在表结构,并且表结构与实体一致,那么不做修改
		如果存在表结构,并且表结构与实体不一致,那么会修改表结构.会保留原有列.
		create(很少):无论是否存在表结构.每次启动Hibernate都会重新创建表结构.(数据会丢失)
		create-drop(极少): 无论是否存在表结构.每次启动Hibernate都会重新创建表结构.每次Hibernate运行结束时,删除表结构.
		validate(很少):不会自动创建表结构.也不会自动维护表结构.Hibernate只校验表结构. 如果表结构不一致将会抛出异常.
	-->
	<property name="hbm2ddl.auto">update</property>
	<!-- hibernate.connection.autocommit: 事务自动提交  -->
	<property name="hibernate.connection.autocommit">true</property>
	<!-- 将Session与线程绑定=> 只有配置了该配置,才能使用getCurrentSession -->
	<property name="hibernate.current_session_context_class">
		thread
	</property>

	<mapping resource="com/lc/shopmarket/JavaBean/User.hbm.xml" />
	<mapping resource="com/lc/shopmarket/JavaBean/Sale.hbm.xml" />
	<mapping resource="com/lc/shopmarket/JavaBean/Merchandise.hbm.xml" />
	<mapping resource="com/lc/shopmarket/JavaBean/Purchase.hbm.xml" />
	<mapping resource="com/lc/shopmarket/JavaBean/Staff.hbm.xml" />



</session-factory>

</hibernate-configuration>