<?xml version="1.0" encoding="utf-8"?>
<!DOCTYPE hibernate-mapping PUBLIC "-//Hibernate/Hibernate Mapping DTD 3.0//EN"
"http://www.hibernate.org/dtd/hibernate-mapping-3.0.dtd">
<!-- 
    Mapping file autogenerated by MyEclipse Persistence Tools
-->
<hibernate-mapping>
    <class name="com.lc.shopmarket.JavaBean.Merchandise" table="merchandise" catalog="java">
        <id name="sequenceNumber" type="java.lang.Integer">
            <column name="SequenceNumber" length="20" />
            <!-- 由数据库进行自增操作 -->
            <generator class="identity" />
        </id>
        <property name="merchandiseNumber" type="java.lang.String">
            <column name="MerchandiseNumber" length="20" />
        </property>
        <property name="treatyCode" type="java.lang.String">
            <column name="TreatyCode" length="20" />
        </property>
        <property name="sortNumber" type="java.lang.String">
            <column name="SortNumber" length="20" />
        </property>
        <property name="merchandiseName" type="java.lang.String">
            <column name="MerchandiseName" length="50" />
        </property>
        <property name="retailPrice" type="java.math.BigDecimal">
            <column name="RetailPrice" precision="65" scale="0" />
        </property>
        <property name="merchandiseSpec" type="java.lang.String">
            <column name="MerchandiseSpec" length="50" />
        </property>
        <property name="units" type="java.lang.String">
            <column name="Units" length="20" />
        </property>
        <property name="purchasePrice" type="java.math.BigDecimal">
            <column name="PurchasePrice" precision="65" scale="0" />
        </property>
        <property name="checkTerm" type="java.math.BigDecimal">
            <column name="CheckTerm" precision="65" scale="0" />
        </property>
        <property name="remark" type="java.lang.String">
            <column name="Remark" length="50" />
        </property>
    </class>
</hibernate-mapping>
