<?xml version="1.0" encoding="utf-8"?>
<!DOCTYPE hibernate-mapping PUBLIC "-//Hibernate/Hibernate Mapping DTD 3.0//EN"
"http://www.hibernate.org/dtd/hibernate-mapping-3.0.dtd">
<!-- 
    Mapping file autogenerated by MyEclipse Persistence Tools
-->
<hibernate-mapping>
    <class name="com.lc.shopmarket.JavaBean.Purchase" table="purchase" catalog="java">
        <id name="backSaleId" type="java.lang.String">
            <column name="BackSale_ID" length="20" />
            <generator class="assigned" />
        </id>
        <property name="productId" type="java.lang.String">
            <column name="Product_ID" length="50" />
        </property>
        <property name="productName" type="java.lang.String">
            <column name="ProductName" length="20" />
        </property>
        <property name="number" type="java.math.BigDecimal">
            <column name="Number" precision="20" scale="0" />
        </property>
        <property name="price" type="java.math.BigDecimal">
            <column name="Price" precision="20" scale="0" />
        </property>
        <property name="jtDate" type="java.lang.String">
            <column name="JtDate" length="30" />
        </property>
        <property name="superMarket" type="java.math.BigDecimal">
            <column name="SuperMarket" length="16" />
        </property>
        <property name="nextBack" type="java.lang.String">
            <column name="NextBack" length="15" />
        </property>
        <property name="reason" type="java.lang.String">
            <column name="reason" length="50" />
        </property>
    </class>
</hibernate-mapping>
