<?xml version="1.0" encoding="utf-8"?>
<!DOCTYPE hibernate-mapping PUBLIC "-//Hibernate/Hibernate Mapping DTD 3.0//EN"
"http://www.hibernate.org/dtd/hibernate-mapping-3.0.dtd">
<!-- 
    Mapping file autogenerated by MyEclipse Persistence Tools
-->
<hibernate-mapping>
    <class name="com.lc.shopmarket.JavaBean.Sale" table="sale" catalog="java">
        <id name="saleId" type="java.lang.String">
            <column name="Sale_ID" length="20" />
            <generator class="assigned" />
        </id>
        <property name="productId" type="java.lang.String">
            <column name="ProductID" length="10" />
        </property>
                <property name="cashier" type="java.lang.String">
            <column name="Cashier" length="20" />
        </property>
        <property name="saleDate" type="java.lang.String">
            <column name="SaleDate" length="50" />
        </property>
        <property name="number" type="java.math.BigDecimal">
            <column name="Number" precision="20" scale="0" />
        </property>
        <property name="price" type="java.math.BigDecimal">
            <column name="Price" precision="20" scale="0" />
        </property>
        <property name="discount" type="java.lang.String">
            <column name="Discount" length="10" />
        </property>
        <property name="vipId" type="java.lang.String">
            <column name="VIP_ID" length="10" />
        </property>
        <property name="productName" type="java.lang.String">
            <column name="ProductName" length="50" />
        </property>
    </class>
</hibernate-mapping>
