<?xml version="1.0" encoding="utf-8"?>
<!DOCTYPE hibernate-mapping PUBLIC "-//Hibernate/Hibernate Mapping DTD 3.0//EN"
"http://www.hibernate.org/dtd/hibernate-mapping-3.0.dtd">
<!-- 
    Mapping file autogenerated by MyEclipse Persistence Tools
-->
<hibernate-mapping>
    <class name="com.lc.shopmarket.JavaBean.Staff" table="staff" catalog="java">
        <id name="staffId" type="java.lang.String">
            <column name="Staff_ID" length="20" />
            <generator class="assigned" />
        </id>
        <property name="name" type="java.lang.String">
            <column name="Name" length="20" />
        </property>
        <property name="userName" type="java.lang.String">
            <column name="UserName" length="20" />
        </property>
        <property name="userPassword" type="java.lang.String">
            <column name="UserPassword" length="20" />
        </property>
        <property name="userGrade" type="java.lang.String">
            <column name="UserGrade" length="10" />
        </property>
        <property name="saleAmount" type="java.lang.Double">
            <column name="SaleAmount" precision="22" scale="0" />
        </property>
    </class>
</hibernate-mapping>
