<?xml version="1.0" encoding="utf-8"?>
<!DOCTYPE hibernate-mapping PUBLIC "-//Hibernate/Hibernate Mapping DTD 3.0//EN"
"http://www.hibernate.org/dtd/hibernate-mapping-3.0.dtd">
<!-- 
    Mapping file autogenerated by MyEclipse Persistence Tools
-->
<hibernate-mapping>
    <class name="com.lc.shopmarket.JavaBean.User" table="user" catalog="java">
        <id name="cardId" type="java.lang.String">
            <column name="CardId" length="20" />
            <generator class="assigned" />
        </id>
        <property name="userName" type="java.lang.String">
            <column name="UserName" length="20" />
        </property>
        <property name="idcard" type="java.lang.String">
            <column name="IDcard" length="30" />
        </property>
        <property name="password" type="java.lang.String">
            <column name="Password" length="16" />
        </property>
        <property name="cardDate" type="java.lang.String">
            <column name="CardDate" length="10" />
        </property>
        <property name="userGrade" type="java.lang.String">
            <column name="UserGrade" length="10" />
        </property>
        <property name="term" type="java.lang.String">
            <column name="term" length="10" />
        </property>
        <property name="integral" type="java.lang.String">
            <column name="integral" length="10" />
        </property>
        <property name="agio" type="java.lang.String">
            <column name="agio" length="10" />
        </property>
    </class>
</hibernate-mapping>
