<?xml version="1.0" encoding="UTF-8"?>
<!DOCTYPE hibernate-mapping PUBLIC 
    "-//Hibernate/Hibernate Mapping DTD 3.0//EN"
    "http://www.hibernate.org/dtd/hibernate-mapping-3.0.dtd">
<hibernate-mapping>
<class name="LIbrarys.user" table="tb_user">
<!-- 主键 -->
<id name="name" column="name" type="java.lang.String">
<!-- 固定值：主键生成策略 -->

</id>
<!-- 普通属性 -->

<property name="password" column="password" type="java.lang.String"></property>
<property name="userType" column="userType" type="java.lang.String"></property>
</class>
</hibernate-mapping>